{
  "jobs": [
    {
      "id": 1,
      "job_title": "Frontend Developer",
      "salary": "1500$",
      "company": "Najot Ta'lim",
      "location": "Tashkent, Uzbekitsan",
      "what_we_expect": "Lorem ipsum dolor sit, amet consectetur adipisicing elit. Fugit error eius libero aliquid labore corporis culpa, cum asperiores voluptas architecto, alias consectetur repudiandae sapiente nesciunt recusandae iste cumque explicabo. Ab.",
      "what_we_offer": "Lorem ipsum dolor sit, amet consectetur adipisicing elit. Fugit error eius libero aliquid labore corporis culpa, cum asperiores voluptas architecto, alias consectetur repudiandae sapiente nesciunt recusandae iste cumque explicabo. Ab.",
      "skills": "JavaScript, TypeScript, React.js, Next.js, HTML, CSS, SCSS, Bootstrap"
    }
  ]
}